<?xml version="1.0" encoding="UTF-8"?>
<project-private xmlns="http://www.netbeans.org/ns/project-private/1">
    <editor-bookmarks xmlns="http://www.netbeans.org/ns/editor-bookmarks/2" lastBookmarkId="0"/>
    <open-files xmlns="http://www.netbeans.org/ns/projectui-open-files/2">
        <group>
            <file>file:/C:/Users/Admin/Desktop/Fastfood_Chain_POs/Fastfood_Chain_POs/src/com/View/MainMenu.java</file>
            <file>file:/C:/Users/Admin/Desktop/Fastfood_Chain_POs/Fastfood_Chain_POs/src/com/View/Dashboard.java</file>
            <file>file:/C:/Users/Admin/Desktop/Fastfood_Chain_POs/Fastfood_Chain_POs/src/com/UserAccount/CreateAccount.java</file>
            <file>file:/C:/Users/Admin/Desktop/Fastfood_Chain_POs/Fastfood_Chain_POs/src/com/Database/DatabaseConnection.java</file>
            <file>file:/C:/Users/Admin/Desktop/Fastfood_Chain_POs/Fastfood_Chain_POs/src/com/UserAccount/LoginAccount.java</file>
        </group>
    </open-files>
</project-private>
